nip,tahun_asesmen,jenis_asesmen,status_asesmen,potkom,nilai_integritas,tahun_kinerja,rating_kinerja,kotak_9
197805251998032005,2025,Administrator,,101.25,3,2025,Baik,9
197907292005021003,2023,Administrator,,102.50,3,2025,Baik,9
198405202009121008,2026,Administrator,,115.10,3.5,2025,Baik,9
197906192010121002,2023,Administrator,,93.47,3,2025,Baik,9
198503192010121008,2021,PENGAWAS,Expired,76.04,2,2025,Sangat Baik,7
198901292010121003,2024,JPT Pertama,,103.89,2,2025,Sangat Baik,9
198508032008012001,2022,JFT Muda,Expired,69.58,3,2025,Sangat Baik,4
198506022008122001,2023,JFT Muda,,61.74,1,2025,Sangat Baik,4
198707012010122006,2023,JFT Muda,,90.16,2,2025,Sangat Baik,9
