nip,nama,golongan,tmt_golongan_pangkat,unit_organisasi,unit_kerja,eselon,jabatan_saat_ini,jenjang,tmt_jabatan,sekolah,bidang_studi,tingkat_pendidikan
197805251998032005,Rus,IV.b,01 April 2024/ Pembina Tk.I,Direktorat Jenderal Bina Konstruksi,Balai Jasa Konstruksi Wilayah VI Makassar,Eselon,Kepala Balai Jasa Konstruksi Wilayah VI Makassar,Administrator,18-Jul-25,UGM,SISTEM DAN TEKNIK TRANSPORTASI,Magister
197907292005021003,Irwan,IV.b,01 April 2023/ Pembina Tk.I,Direktorat Jenderal Bina Konstruksi,"Kepala Seksi Pemantauan dan Evaluasi, Subdirektorat Penerapan Kompetensi, Direktorat Bina Kompetensi dan Produktivitas Konstruksi, Direktorat Jenderal Bina Konstruksi, Kementerian Pekerjaan Umum Dan Perumahan Rakyat",Eselon,Kepala Balai Pelaksana Pemilihan Jasa Konstruksi Wilayah DKI Jakarta,Administrator,18-Jul-25,UNIV OF ROORKEE BID WATER RESOURCES,UNIV OF ROORKEE BID WATER RESOURCES,Magister
198405202009121008,Yatno,IV.a,01 Oktober 2024/ Pembina,Direktorat Jenderal Bina Konstruksi,Balai Pelaksana Pemilihan Jasa Konstruksi Wilayah Maluku Utara,Eselon,Kepala Balai Pelaksana Pemilihan Jasa Konstruksi Wilayah Maluku Utara,Administrator,18-Jul-25,Universitas Indonesia,PASCA BID TEK INDUSTRI,Magister
197906192010121002,Iwan,IV.a,1-Apr-23,Direktorat Jenderal Bina Konstruksi,Balai Pelaksana Pemilihan Jasa Konstruksi Wilayah D.I Yogyakarta,Eselon,Kepala Balai Pelaksana Pemilihan Jasa Konstruksi Wilayah D.I. Yogyakarta,Administrator,18-Jul-25,ITB,Sistem dan Teknik Jalan Raya,Magister
198503192010121008,Mardi,III/d,01 April 2025/Penata Tingkat I/III/d,Direktorat Jenderal Bina Konstruksi,Sekretariat Direktorat Jenderal Bina Konstruksi,Non Eselon,Pembina Jasa Konstruksi Ahli Muda,AHLI MUDA,01 Agustus 2025,Universitas Padjadjaran,MAGISTER AKUNTANSI,Magister
198901292010121003,Rahmat,III/b,01 Oktober 2023/Penata Muda Tingkat I/III/b,Direktorat Jenderal Bina Konstruksi,Sekretariat Direktorat Jenderal Bina Konstruksi,Non Eselon,Pembina Jasa Konstruksi Ahli Pertama,Ahli Pertama,01 Agustus 2025,Sekolah Tinggi Ilmu Administrasi Lembaga Administrasi Negara,ILMU ADM NEGARA,Sarjana
198508032008012001,Tasya,IV.a,01 Oktober 2023/PembinaI/ IV.a,Direktorat Jenderal Bina Konstruksi,Sekretariat Direktorat Jenderal Bina Konstruksi,Non Eselon,Analis Sumber Daya Manusia Aparatur Ahli Madya,Ahli Madya,01 Agustus 2025,Universitas Katolik Indonesia Atma Jaya,Ilmu Manajemen,Magister
198506022008122001,Tina,III/d,1-Feb-24,Direktorat Jenderal Bina Konstruksi,Sekretariat Direktorat Jenderal Bina Konstruksi,Non Eselon,"Analis Sumber Daya Manusia Aparatur Ahli Muda, Bagian Kepegawaian dan Umum, Sekretariat Direktorat Jenderal Bina Konstruksi, Direktorat Jenderal Bina Konstruksi, Kementerian Pekerjaan Umum",Ahli Muda,01 Agustus 2025,Universitas Padjadjaran,Ilmu Komunikasi,Sarjana
198707012010122006,Rachma,III/d,1-Apr-23,Direktorat Jenderal Bina Konstruksi,Sekretariat Direktorat Jenderal Bina Konstruksi,Non Eselon,"Analis Sumber Daya Manusia Aparatur Ahli Muda, Bagian Kepegawaian dan Umum, Sekretariat Direktorat Jenderal Bina Konstruksi, Direktorat Jenderal Bina Konstruksi, Kementerian Pekerjaan Umum",Ahli Muda,01 Agustus 2025,Universitas Indonesia,Psikologi,Magister
